Name,URL,Discovery
"Twenty Twenty-Four - Twenty Twenty-Four is designed to be flexible, versatile and applicable to any website.",http://wp-themes.com,"Single Page Import"
"The new Gutenberg editing experience - WordPress.org",https://wordpress.org/gutenberg/,"Single Page Import"
Unknown,https://wordpress.github.io/wordpress-playground/,"Sitemap Import"
"Browse Happy",https://browsehappy.com,"Single Page Import"
Unknown,https://irclogs.wordpress.org,"Single Page Import"
"WordPress Swag Store - Cool gear to show your WordPress pride!",https://mercantile.wordpress.org,"Single Page Import"
"Twenty Twenty-Four - Twenty Twenty-Four is designed to be flexible, versatile and applicable to any website.",http://wp-themes.com,"Single Page Import"
"WordPress Playground",https://playground.wordpress.net,"Single Page Import"
gutenberg.run,http://gutenberg.run,"Single Page Import"
"do_action: Using WordPress for good",https://doaction.org,"Sitemap Import"
"WordPress Jobs | WordPress related Job Postings",https://jobs.wordpress.net,"Sitemap Import"
"WordCamp Central - WordCamp is a conference that focuses on everything WordPress.",https://central.wordcamp.org,"Single Page Import"
"WordPress.tv - Engage Yourself with WordPress.tv",https://wordpress.tv,"Sitemap Import"
"WordPress.org Afrikaans",https://af.wordpress.org,"Single Page Import"
"Afrikaans Support Forums - WordPress.org Afrikaans",https://af.wordpress.org/support,"Single Page Import"
"Afrikaanse Span - WordPress.org Afrikaans",https://af.wordpress.org/team,"Single Page Import"
"WordPress.org",https://ak.wordpress.org,"Single Page Import"
"WordPress.org",https://ak.wordpress.org/support,"Single Page Import"
"WordPress.org áŠ áˆ›áˆ­áŠ›",https://am.wordpress.org,"Single Page Import"
"WordPress.org áŠ áˆ›áˆ­áŠ›",https://am.wordpress.org/support,"Single Page Import"
"WordPress.org",https://an.wordpress.org,"Single Page Import"
"WordPress.org",https://an.wordpress.org/support,"Single Page Import"
"REST API Handbook | Developer.WordPress.org",https://api.wordpress.org,"Single Page Import"
"WordPress.com Apps -   Mobile Apps",https://apps.wordpress.org,"Sitemap Import"
"Ø£Ø¯Ø§Ø© ØªØ¯ÙˆÙŠÙ†ØŒ Ù…Ù†ØµØ© Ù†Ø´Ø±ØŒ ÙˆÙ†Ø¸Ø§Ù… Ø¥Ø¯Ø§Ø±Ø© Ù…Ø­ØªÙˆÙ‰ (CMS) - WordPress.org Ø§Ù„Ø¹Ø±Ø¨ÙŠØ©",https://ar.wordpress.org,"Single Page Import"
"Ø§Ù„Ø¹Ø±Ø¨ÙŠØ© Support Forums - WordPress.org Ø§Ù„Ø¹Ø±Ø¨ÙŠØ©",https://ar.wordpress.org/support,"Single Page Import"
"Arabic Team Ø§Ù„ÙØ±ÙŠÙ‚ Ø§Ù„Ø¹Ø±Ø¨ÙŠ - ÙØ±ÙŠÙ‚ ÙˆÙˆØ±Ø¯Ø¨Ø±ÙŠØ³ Ø§Ù„Ø¹Ø±Ø¨ÙŠØ© - WordPress.org Ø§Ù„Ø¹Ø±Ø¨ÙŠØ©",https://ar.wordpress.org/team,"Single Page Import"
"WordPress.org Aragonese",https://arg.wordpress.org,"Single Page Import"
"WordPress.org Ø§Ù„Ø¯Ø§Ø±Ø¬Ø© Ø§Ù„Ø¬Ø²Ø§ÙŠØ±ÙŠØ©",https://arq.wordpress.org,"Single Page Import"
"Ø§Ù„Ø¯Ø§Ø±Ø¬Ø© Ø§Ù„Ø¬Ø²Ø§ÙŠØ±ÙŠØ© Support Forums - WordPress.org Ø§Ù„Ø¯Ø§Ø±Ø¬Ø© Ø§Ù„Ø¬Ø²Ø§ÙŠØ±ÙŠØ©",https://arq.wordpress.org/support,"Single Page Import"
"WordPress.org Ø§Ù„Ø¹Ø±Ø¨ÙŠØ© Ø§Ù„Ù…ØºØ±Ø¨ÙŠØ©",https://ary.wordpress.org,"Single Page Import"
"Ø§Ù„Ø¹Ø±Ø¨ÙŠØ© Ø§Ù„Ù…ØºØ±Ø¨ÙŠØ© Support Forums - WordPress.org Ø§Ù„Ø¹Ø±Ø¨ÙŠØ© Ø§Ù„Ù…ØºØ±Ø¨ÙŠØ©",https://ary.wordpress.org/support,"Single Page Import"
"ÙØ±ÙŠÙ‚ ÙˆÙˆØ±Ø¯Ø¨Ø±ÙŠØ³ Ø§Ù„Ù…ØºØ±Ø¨ - WordPress.org Ø§Ù„Ø¹Ø±Ø¨ÙŠØ© Ø§Ù„Ù…ØºØ±Ø¨ÙŠØ©",https://ary.wordpress.org/team,"Single Page Import"
"à¦¬à§à¦²à¦— à¦¸à¦à¦œà§à¦²à¦¿, à¦ªà§à§°à¦•à¦¾à¦¶à¦¨ à¦ªà§à¦²à§‡à¦Ÿà¦«à§°à§à¦® à¦†à§°à§ CMS - WordPress.org à¦…à¦¸à¦®à§€à¦¯à¦¼à¦¾",https://as.wordpress.org,"Single Page Import"
"Assamese Support Forums - WordPress.org à¦…à¦¸à¦®à§€à¦¯à¦¼à¦¾",https://as.wordpress.org/support,"Single Page Import"
"Ferramienta pa bloques, Plataforma d&#8217;espublizaciÃ³n y CMS - WordPress.org Asturian",https://ast.wordpress.org,"Single Page Import"
"Asturian Support Forums - WordPress.org Asturian",https://ast.wordpress.org/support,"Single Page Import"
"WordPress.org AzÉ™rbaycan TÃ¼rkcÉ™si",https://az-tr.wordpress.org,"Single Page Import"
"Turkish Azerbaijani Support Forums - WordPress.org AzÉ™rbaycan TÃ¼rkcÉ™si",https://az-tr.wordpress.org/support,"Single Page Import"
"WordPress.org AzÉ™rbaycan dili",https://az.wordpress.org,"Single Page Import"
"Azerbaijani Support Forums - WordPress.org AzÉ™rbaycan dili",https://az.wordpress.org/support,"Single Page Import"
"AzÉ™rbaycan KomandasÄ± - WordPress.org AzÉ™rbaycan dili",https://az.wordpress.org/team,"Single Page Import"
"WordPress.org ØªÙˆØ±Ú©Ø¬Ù‡",https://azb.wordpress.org,"Single Page Import"
"Ø¢Ø°Ø±Ø¨Ø§ÛŒØ¬Ø§Ù† ØªÙˆØ±Ú©Ø¬Ù‡â€ŒØ³ÛŒÙ†Ø¯Ù‡ ÙˆØ±Ø¯Ù¾Ø±Ø³ - ØªÙˆØ±Ú©Ø¬Ù‡ ÙˆØ±Ø¯Ù¾Ø±Ø³â€ŒØ¯Ù† ÛŒØ§Ø²ÛŒÙ†ØŒ Ù¾Ø§ÛŒÙ„Ø§Ø´ÛŒÙ† Ùˆ Ú¯ÙˆØ¬Ù„Ù‡â€ŒÙ†ÛŒÙ† - WordPress.org ØªÙˆØ±Ú©Ø¬Ù‡",https://azb.wordpress.org/team,"Single Page Import"
"WordPress.org Catalan (Balear)",https://bal.wordpress.org,"Single Page Import"
"WordPress.org Ø¨Ù„ÙˆÚ†ÛŒ",https://bcc.wordpress.org,"Single Page Import"
"Balochi Southern Support Forums - WordPress.org Ø¨Ù„ÙˆÚ†ÛŒ",https://bcc.wordpress.org/support,"Single Page Import"
"WordPress.org Ğ‘ĞµĞ»Ğ°Ñ€ÑƒÑĞºĞ°Ñ Ğ¼Ğ¾Ğ²Ğ°",https://bel.wordpress.org,"Single Page Import"
"Belarusian Support Forums - WordPress.org Ğ‘ĞµĞ»Ğ°Ñ€ÑƒÑĞºĞ°Ñ Ğ¼Ğ¾Ğ²Ğ°",https://bel.wordpress.org/support,"Single Page Import"
"WordPress.org Ğ‘ÑŠĞ»Ğ³Ğ°Ñ€Ğ¸Ñ",https://bg.wordpress.org,"Single Page Import"
"Ğ‘ÑŠĞ»Ğ³Ğ°Ñ€Ğ¸Ñ Support Forums - WordPress.org Ğ‘ÑŠĞ»Ğ³Ğ°Ñ€Ğ¸Ñ",https://bg.wordpress.org/support,"Single Page Import"
"WordPress Ğ‘ÑŠĞ»Ğ³Ğ°Ñ€Ğ¸Ñ - Ğ—Ğ¾Ğ½Ğ° Ğ·Ğ° Ğ´Ğ¸ÑĞºÑƒÑĞ¸Ğ¸, Ğ±ĞµĞ»ĞµĞ¶ĞºĞ¸ Ğ¾Ñ‚ ÑÑ€ĞµÑ‰Ğ¸ Ğ¸ Ğ¿Ñ€.",https://bg.wordpress.org/team,"Single Page Import"
"WordPress.org à¤­à¥‹à¤œà¤ªà¥à¤°à¥€ ",https://bho.wordpress.org,"Single Page Import"
"WordPress.org à¦¬à¦¾à¦‚à¦²à¦¾ (à¦­à¦¾à¦°à¦¤)",https://bn-in.wordpress.org,"Single Page Import"
"Team à¦¬à¦¾à¦‚à¦²à¦¾ (à¦­à¦¾à¦°à¦¤) - WordPress.org à¦¬à¦¾à¦‚à¦²à¦¾ (à¦­à¦¾à¦°à¦¤)",https://bn-in.wordpress.org/team,"Single Page Import"
"WordPress.org à¦¬à¦¾à¦‚à¦²à¦¾",https://bn.wordpress.org,"Single Page Import"
"Bengali Support Forums - WordPress.org à¦¬à¦¾à¦‚à¦²à¦¾",https://bn.wordpress.org/support,"Single Page Import"
"Bengal Team - WordPress.org à¦¬à¦¾à¦‚à¦²à¦¾",https://bn.wordpress.org/team,"Single Page Import"
"à½”à½¼à½‘à¼‹à½à½´à½‚à¼‹à½–à½Ÿà½¼à¼‹à½†à½¦à¼ à½”à½¢à¼‹à½ à½‚à¾²à½ºà½˜à½¦à¼‹à½¦à¾Ÿà½ºà½‚à½¦à¼‹à½–à½´à¼‹à½‘à½„à¼‹à½“à½„à¼‹à½‘à½¼à½“à¼‹à½‘à½¼à¼‹à½‘à½˜à¼‹à½˜à¼‹à½£à½‚ (CMS) - WordPress.org à½–à½¼à½‘à¼‹à½¡à½²à½‚",https://bo.wordpress.org,"Single Page Import"
"Tibetan Team - WordPress.org à½–à½¼à½‘à¼‹à½¡à½²à½‚",https://bo.wordpress.org/team,"Single Page Import"
"Ferramenta de blog, plataforma de publicaÃ§Ã£o e CMS - WordPress.org Brasil",https://br.wordpress.org,"Single Page Import"
"FÃ³runs de suporte - WordPress.org Brasil",https://br.wordpress.org/support,"Single Page Import"
"Equipe Brasileira - Blog da equipe brasileira do WordPress",https://br.wordpress.org/team,"Single Page Import"
"WordPress.org Brezhoneg",https://bre.wordpress.org,"Single Page Import"
"Breton Support Forums - WordPress.org Brezhoneg",https://bre.wordpress.org/support,"Single Page Import"
"WordPress.org Bodo",https://brx.wordpress.org,"Single Page Import"
"Alat za blog, Platforma za izdavaÅ¡tvo, i CMS - WordPress.org Bosanski",https://bs.wordpress.org,"Single Page Import"
"Bosanski Support Forums - WordPress.org Bosanski",https://bs.wordpress.org/support,"Single Page Import"
"WordPress.org CatalÃ  (ValenciÃ )",https://ca-valencia.wordpress.org,"Single Page Import"
"CatalÃ  (ValenciÃ ) Team - WordPress.org CatalÃ  (ValenciÃ )",https://ca-valencia.wordpress.org/team,"Single Page Import"
"Eina de blog, plataforma de publicaciÃ³ i CMS - WordPress.org CatalÃ ",https://ca.wordpress.org,"Single Page Import"
"FÃ²rums de suport - WordPress.org CatalÃ ",https://ca.wordpress.org/support,"Single Page Import"
"Equip del WordPress en catalÃ ",https://ca.wordpress.org/team,"Single Page Import"
"WordPress.org Cebuano",https://ceb.wordpress.org,"Single Page Import"
"Cebuano Support Forums - WordPress.org Cebuano",https://ceb.wordpress.org/support,"Single Page Import"
"Herramienta de Blog, Plataforma de PublicaciÃ³n, y CMS - WordPress.org Chile",https://cl.wordpress.org,"Single Page Import"
"Spanish (Chile) Team - WordPress.org Chile",https://cl.wordpress.org/team,"Single Page Import"
"é€‚ç”¨äºåšå®¢åˆ°å¤§å‹ç½‘ç«™çš„ CMS (å†…å®¹ç®¡ç†ç³»ç»Ÿ) - WordPress.org China ç®€ä½“ä¸­æ–‡",https://cn.wordpress.org,"Single Page Import"
"China ç®€ä½“ä¸­æ–‡æ”¯æŒè®ºå› - WordPress.org China ç®€ä½“ä¸­æ–‡",https://cn.wordpress.org/support,"Single Page Import"
"China ç®€ä½“ä¸­æ–‡æœ¬åœ°åŒ–å›¢é˜Ÿ - WordPress.org China ç®€ä½“ä¸­æ–‡",https://cn.wordpress.org/team,"Single Page Import"
"WordPress.org Corsu",https://co.wordpress.org,"Single Page Import"
"Corsican Support Forums - WordPress.org Corsu",https://co.wordpress.org/support,"Single Page Import"
"WordPress.org Kernewek",https://cor.wordpress.org,"Single Page Import"
"Wordpress  - Cornish Translation - WordPress.org Kernewek",https://cor.wordpress.org/team,"Single Page Import"
"BlogovacÃ­ nÃ¡stroj, platforma pro publikovÃ¡nÃ­ a CMS - WordPress.org ÄŒesko",https://cs.wordpress.org,"Single Page Import"
"Czech Support Forums - WordPress.org ÄŒesko",https://cs.wordpress.org/support,"Single Page Import"
"ÄŒeskÃ½ tÃ½m - strÃ¡nka ÄeskÃ© komunity - WordPress.org ÄŒesko",https://cs.wordpress.org/team,"Single Page Import"
"Offeryn Blog, Llwyfan Cyhoeddi, a CMS - WordPress.org Cymraeg",https://cy.wordpress.org,"Single Page Import"
"Welsh Team - WordPress.org Cymraeg",https://cy.wordpress.org/team,"Single Page Import"
"WordPress.org Dansk",https://da.wordpress.org,"Single Page Import"
"Danish Support Forums - WordPress.org Dansk",https://da.wordpress.org/support,"Sitemap Import"
"Danske Team - Det danske WordPress fÃ¦llesskab",https://da.wordpress.org/team,"Single Page Import"
"WordPress.org Deutsch (Ã–sterreich)",https://de-at.wordpress.org,"Single Page Import"
"Team Ã–sterreichisches Deutsch - WordPress.org Deutsch (Ã–sterreich)",https://de-at.wordpress.org/team,"Single Page Import"
"WordPress.org Deutsch (Schweiz)",https://de-ch.wordpress.org,"Single Page Import"
"German (Switzerland) Team - WordPress.org Deutsch (Schweiz)",https://de-ch.wordpress.org/team,"Single Page Import"
"Blog-Tool, Publishing-Plattform und CMS - WordPress.org Deutsch",https://de.wordpress.org,"Single Page Import"
"Support-Foren - WordPress.org Deutsch",https://de.wordpress.org/support,"Single Page Import"
Unreachable,https://de.wordpress.org/team-old,Unreachable
"Team DE - Team-Blog fÃ¼r die deutschsprachige WordPress-Community",https://de.wordpress.org/team,"Single Page Import"
Unreachable,https://deleted-s-origin.wordpress.org,Unreachable
"WordPress Developer Resources | Official WordPress Developer Resources | Developer.WordPress.org",https://developer.wordpress.org,"Sitemap Import"
"WordPress Developer Blog - A site for plugin and theme developers, freelancers, and agency developers",https://developer.wordpress.org/news,"Sitemap Import"
"BlogowaÅ„ski rÄ›d, wÃ³zjawjeÅ„ska platforma a CMS - WordPress.org DolnoserbÅ¡Ä‡ina",https://dsb.wordpress.org,"Single Page Import"
"DolnoserbÅ¡Ä‡ina Team - WordPress.org DolnoserbÅ¡Ä‡ina",https://dsb.wordpress.org/team,"Single Page Import"
"WordPress.org Dhivehi",https://dv.wordpress.org,"Single Page Import"
"WordPress.org Dzongkha",https://dzo.wordpress.org,"Single Page Import"
"Dzongkha Support Forums - WordPress.org Dzongkha",https://dzo.wordpress.org/support,"Single Page Import"
"Î•ÏÎ³Î±Î»ÎµÎ¯Î¿ Î¹ÏƒÏ„Î¿Î»Î¿Î³Î¯Î¿Ï…, Ï€Î»Î±Ï„Ï†ÏŒÏÎ¼Î± Î´Î·Î¼Î¿ÏƒÎ¯ÎµÏ…ÏƒÎ·Ï‚ ÎºÎ±Î¹ CMS - WordPress.org Î•Î»Î»Î·Î½Î¹ÎºÎ¬",https://el.wordpress.org,"Single Page Import"
"Î¦ÏŒÏÎ¿Ï…Î¼ Ï…Ï€Î¿ÏƒÏ„Î®ÏÎ¹Î¾Î·Ï‚ - WordPress.org Î•Î»Î»Î·Î½Î¹ÎºÎ¬",https://el.wordpress.org/support,"Sitemap Import"
"Greek Team - WordPress.org Î•Î»Î»Î·Î½Î¹ÎºÎ¬",https://el.wordpress.org/team,"Single Page Import"
"WordPress.org ğŸŒğŸŒğŸŒ (Emoji)",https://emoji.wordpress.org,"Single Page Import"
"Emoji Forums - WordPress.org ğŸŒğŸŒğŸŒ (Emoji)",https://emoji.wordpress.org/support,"Single Page Import"
"WordPress.org English (Australia)",https://en-au.wordpress.org,"Single Page Import"
"English (Australia) Team - WordPress.org English (Australia)",https://en-au.wordpress.org/team,"Single Page Import"
"WordPress.org English (Canada)",https://en-ca.wordpress.org,"Single Page Import"
"English (Canada) Team - WordPress.org English (Canada)",https://en-ca.wordpress.org/team,"Single Page Import"
"WordPress.org English (UK)",https://en-gb.wordpress.org,"Single Page Import"
"WordPress UK Team P2",https://en-gb.wordpress.org/team,"Single Page Import"
"WordPress.org English (New Zealand) ",https://en-nz.wordpress.org,"Single Page Import"
"English (New Zealand) Team - WordPress.org English (New Zealand) ",https://en-nz.wordpress.org/team,"Single Page Import"
"WordPress.org English (South Africa)",https://en-za.wordpress.org,"Single Page Import"
"English (South Africa) Team - WordPress.org English (South Africa)",https://en-za.wordpress.org/team,"Single Page Import"
"WordPress.org Esperanto",https://eo.wordpress.org,"Single Page Import"
"Esperanto Support Forums - WordPress.org Esperanto",https://eo.wordpress.org/support,"Single Page Import"
"Esperanto Team - WordPress.org Esperanto",https://eo.wordpress.org/team,"Single Page Import"
"Herramienta de blog, plataforma de publicaciÃ³n y CMS - WordPress.org EspaÃ±ol (Argentina)",https://es-ar.wordpress.org,"Single Page Import"
"Foros de soporte - WordPress.org EspaÃ±ol (Argentina)",https://es-ar.wordpress.org/support,"Single Page Import"
"Spanish (Argentina) Team - WordPress.org EspaÃ±ol (Argentina)",https://es-ar.wordpress.org/team,"Single Page Import"
"Herramienta de blog, plataforma de publicaciÃ³n y CMS - WordPress.org Colombia",https://es-co.wordpress.org,"Single Page Import"
"WordPress.org EspaÃ±ol (Costa Rica)",https://es-cr.wordpress.org,"Single Page Import"
"Team EspaÃ±ol (Costa Rica) - WordPress.org EspaÃ±ol (Costa Rica)",https://es-cr.wordpress.org/team,"Single Page Import"
"Herramienta de blog, plataforma de publicaciÃ³n y CMS - WordPress.org EspaÃ±ol de RepÃºblica Dominicana",https://es-do.wordpress.org,"Single Page Import"
"EspaÃ±ol de RepÃºblica Dominicana - WordPress.org EspaÃ±ol de RepÃºblica Dominicana",https://es-do.wordpress.org/team,"Single Page Import"
"Herramienta de blog, plataforma de publicaciÃ³n y CMS - WordPress.org EspaÃ±ol (Ecuador)",https://es-ec.wordpress.org,"Single Page Import"
"EspaÃ±ol de Ecuador Team - WordPress.org EspaÃ±ol (Ecuador)",https://es-ec.wordpress.org/team,"Single Page Import"
"WordPress.org EspaÃ±ol (Guatemala)",https://es-gt.wordpress.org,"Single Page Import"
"Comunidad WordPress Guatemala - Se parte de la comunidad de WordPress en Guatemala",https://es-gt.wordpress.org/team,"Single Page Import"
"WordPress.org EspaÃ±ol de Honduras",https://es-hn.wordpress.org,"Single Page Import"
"EspaÃ±ol de Honduras - WordPress.org EspaÃ±ol de Honduras",https://es-hn.wordpress.org/team,"Single Page Import"
"Herramienta de Blog, Plataforma de PublicaciÃ³n y CMS - WordPress.org EspaÃ±ol (MÃ©xico)",https://es-mx.wordpress.org,"Single Page Import"
"Foros de Soporte para MÃ©xico - WordPress.org EspaÃ±ol (MÃ©xico)",https://es-mx.wordpress.org/support,"Single Page Import"
"Equipo WordPress MÃ©xico",https://es-mx.wordpress.org/team,"Single Page Import"
"WordPress.org EspaÃ±ol (Puerto Rico)",https://es-pr.wordpress.org,"Single Page Import"
"WordPress.org EspaÃ±ol de Uruguay",https://es-uy.wordpress.org,"Single Page Import"
"Spanish Uruguay - WordPress.org EspaÃ±ol de Uruguay",https://es-uy.wordpress.org/team,"Single Page Import"
"Herramienta de blog, plataforma de publicaciÃ³n y CMS - WordPress.org EspaÃ±a",https://es.wordpress.org,"Single Page Import"
"Foros de soporte - WordPress.org EspaÃ±a",https://es.wordpress.org/support,"Single Page Import"
"Equipo de WordPress EspaÃ±a",https://es.wordpress.org/team,"Single Page Import"
"WordPress.org Eesti",https://et.wordpress.org,"Single Page Import"
"Estonian Support Forums - WordPress.org Eesti",https://et.wordpress.org/support,"Single Page Import"
"Blog tresna, argitaratzeko plataforma eta CMS - WordPress.org Euskara",https://eu.wordpress.org,"Single Page Import"
"Basque Support Forums - WordPress.org Euskara",https://eu.wordpress.org/support,"Single Page Import"
"WordPress Euskaraz taldea",https://eu.wordpress.org/team,"Single Page Import"
"WordPress.org Ã‰wÃ©",https://ewe.wordpress.org,"Single Page Import"
"Ø§Ø¨Ø²Ø§Ø± Ø¨Ù„Ø§Ú¯ØŒ Ø³Ú©ÙˆÛŒ Ø§Ù†ØªØ´Ø§Ø± Ùˆ Ø³ÛŒØ³ØªÙ… Ù…Ø¯ÛŒØ±ÛŒØª Ù…Ø­ØªÙˆØ§ - WordPress.org ÙØ§Ø±Ø³ÛŒ (Ø§ÙØºØ§Ù†Ø³ØªØ§Ù†)",https://fa-af.wordpress.org,"Single Page Import"
"Ø§Ø¨Ø²Ø§Ø± Ø¨Ù„Ø§Ú¯ØŒ Ø³Ú©ÙˆÛŒ Ø§Ù†ØªØ´Ø§Ø± Ùˆ Ø³ÛŒØ³ØªÙ… Ù…Ø¯ÛŒØ±ÛŒØª Ù…Ø­ØªÙˆØ§ - WordPress.org ÙØ§Ø±Ø³ÛŒ",https://fa.wordpress.org,"Single Page Import"
"Ù¾Ø´ØªÛŒØ¨Ø§Ù†ÛŒ ÙØ§Ø±Ø³ÛŒ - WordPress.org ÙØ§Ø±Ø³ÛŒ",https://fa.wordpress.org/support,"Single Page Import"
"ØªÛŒÙ… ÙˆØ±Ø¯Ù¾Ø±Ø³ ÙØ§Ø±Ø³ÛŒ - WordPress.org ÙØ§Ø±Ø³ÛŒ",https://fa.wordpress.org/team,"Single Page Import"
"WordPress.org Faroese",https://fao.wordpress.org,"Single Page Import"
"WordPress.org Suomi",https://fi.wordpress.org,"Single Page Import"
"Suomi Support Forums - WordPress.org Suomi",https://fi.wordpress.org/support,"Single Page Import"
"Finnish Team - WordPress.org Suomi",https://fi.wordpress.org/team,"Single Page Import"
"WordPress.org Fon",https://fon.wordpress.org,"Single Page Import"
"Team Fon - WordPress.org Fon",https://fon.wordpress.org/team,"Single Page Import"
"Outil de blog, plateforme de publication et CMS. - WordPress.org FranÃ§ais de Belgique",https://fr-be.wordpress.org,"Single Page Import"
"French (Belgium) Team - WordPress.org FranÃ§ais de Belgique",https://fr-be.wordpress.org/team,"Single Page Import"
"Outil de blogue, plateforme de publication et systÃ¨me de gestion de contenu (CMS) - WordPress.org FranÃ§ais du Canada",https://fr-ca.wordpress.org,"Single Page Import"
"French (Canada) Team - WordPress.org FranÃ§ais du Canada",https://fr-ca.wordpress.org/team,"Single Page Import"
"Outil de crÃ©ation de site, plateforme de publication et CMS. - WordPress.org FranÃ§ais",https://fr.wordpress.org,"Single Page Import"
"WordPress en FranÃ§ais",https://fr.wordpress.org/support,"Single Page Import"
"WordPress en FranÃ§ais",https://fr.wordpress.org/team,"Single Page Import"
"WordPress.org Arpitan",https://frp.wordpress.org,"Single Page Import"
"Arpitan Support Forums - WordPress.org Arpitan",https://frp.wordpress.org/support,"Single Page Import"
"WordPress.org Pulaar",https://fuc.wordpress.org,"Single Page Import"
"WordPress.org Friulian",https://fur.wordpress.org,"Single Page Import"
"Blog Tool, Publishing Platform, en CMS - WordPress.org Frysk",https://fy.wordpress.org,"Single Page Import"
"WordPress.org Gaeilge",https://ga.wordpress.org,"Single Page Import"
"WordPress.org Afaan Oromoo",https://gax.wordpress.org,"Single Page Import"
"Afaan Oromoo - WordPress.org Afaan Oromoo",https://gax.wordpress.org/team,"Single Page Import"
"WordPress.org GÃ idhlig",https://gd.wordpress.org,"Single Page Import"
"Scottish Gaelic Team - WordPress.org GÃ idhlig",https://gd.wordpress.org/team,"Single Page Import"
"Ferramenta de blog, plataforma de publicaciÃ³n e CMS - WordPress.org Galego",https://gl.wordpress.org,"Single Page Import"
"Equipo WordPress Galicia",https://gl.wordpress.org/team,"Single Page Import"
"WordPress.org",https://global.wordpress.org,"Single Page Import"
Unreachable,https://gsw.wordpress.org,Unreachable
"WordPress.org àª—à«àªœàª°àª¾àª¤à«€",https://gu.wordpress.org,"Single Page Import"
"àª—à«àªœàª°àª¾àª¤à«€ àªŸà«€àª® - WordPress.org àª—à«àªœàª°àª¾àª¤à«€",https://gu.wordpress.org/team,"Single Page Import"
"WordPress.org Haitian Creole",https://hat.wordpress.org,"Single Page Import"
"WordPress.org Hausa",https://hau.wordpress.org,"Single Page Import"
"Hausa Team - WordPress.org Hausa",https://hau.wordpress.org/team,"Single Page Import"
"WordPress.org Ù‡Ø²Ø§Ø±Ù‡ Ú¯ÛŒ",https://haz.wordpress.org,"Single Page Import"
"WordPress.org ×•×•×¨×“×¤×¨×¡ ×‘×¢×‘×¨×™×ª",https://he.wordpress.org,"Single Page Import"
"×¤×•×¨×•××™ ×ª××™×›×” - WordPress.org ×•×•×¨×“×¤×¨×¡ ×‘×¢×‘×¨×™×ª",https://he.wordpress.org/support,"Single Page Import"
"Hebrew Team - WordPress.org ×•×•×¨×“×¤×¨×¡ ×‘×¢×‘×¨×™×ª",https://he.wordpress.org/team,"Single Page Import"
"à¤¬à¥à¤²à¥‰à¤— à¤Ÿà¥‚à¤², à¤ªà¥à¤°à¤•à¤¾à¤¶à¤¨ à¤ªà¥à¤²à¥‡à¤Ÿà¤«à¤¼à¥‰à¤°à¥à¤®, à¤”à¤° à¤¸à¥€à¤à¤®à¤à¤¸ - WordPress.org Hindi",https://hi.wordpress.org,"Single Page Import"
"Hindi Support Forum - WordPress.org Hindi",https://hi.wordpress.org/support,"Single Page Import"
"Hindi Team - WordPress.org Hindi",https://hi.wordpress.org/team,"Single Page Import"
"Blog alata, platforma za objavljivanje i CMS - WordPress - WordPress.org Hrvatski",https://hr.wordpress.org,"Single Page Import"
"PodrÅ¡ka Foruma - WordPress.org Hrvatski",https://hr.wordpress.org/support,"Single Page Import"
"Croatian Team - WordPress.org Hrvatski",https://hr.wordpress.org/team,"Single Page Import"
"Blogowacy nastroj, wozjewjenska platforma a CMS - WordPress.org HornjoserbÅ¡Ä‡ina",https://hsb.wordpress.org,"Single Page Import"
"HornjoserbÅ¡Ä‡ina Team - WordPress.org HornjoserbÅ¡Ä‡ina",https://hsb.wordpress.org/team,"Single Page Import"
"WordPress.org Magyar",https://hu.wordpress.org,"Single Page Import"
"Hungarian Team - WordPress.org Magyar",https://hu.wordpress.org/team,"Single Page Import"
"Ô²Õ¬Õ¸Õ£Õ¶Õ¥Ö€Õ« Õ½Õ¿Õ¥Õ²Õ®Õ´Õ¡Õ¶ Õ£Õ¸Ö€Õ®Õ«Ö„, Õ°Ö€Õ¡Õ¿Õ¡Ö€Õ¡Õ¯Õ¹Õ¡Õ¯Õ¡Õ¶ Õ°Õ¡Ö€Õ©Õ¡Õ¯ Ö‡ CMS - WordPress.org Õ€Õ¡ÕµÕ¥Ö€Õ¥Õ¶",https://hy.wordpress.org,"Single Page Import"
"Armenian Support Forums &#8212; WordPress.org Õ€Õ¡ÕµÕ¥Ö€Õ¥Õ¶",https://hy.wordpress.org/support,"Single Page Import"
"Armenian Team &#8212; WordPress.org Õ€Õ¡ÕµÕ¥Ö€Õ¥Õ¶",https://hy.wordpress.org/team,"Single Page Import"
"WordPress.org Igbo",https://ibo.wordpress.org,"Single Page Import"
"Perangkat Blog, Platform Publikasi, dan CMS - WordPress.org Indonesia",https://id.wordpress.org,"Single Page Import"
"Forum Bantuan Bahasa Indonesia - WordPress.org Indonesia",https://id.wordpress.org/support,"Single Page Import"
"Komunitas - WordPress.org Indonesia",https://id.wordpress.org/team,"Single Page Import"
"WordPress.org Ido",https://ido.wordpress.org,"Single Page Import"
"WordPress.org Ãslenska",https://is.wordpress.org,"Single Page Import"
"Icelandic Team - WordPress.org Ãslenska",https://is.wordpress.org/team,"Single Page Import"
"Strumento per blog, piattaforma di pubblicazione, e CMS - WordPress.org Italia",https://it.wordpress.org,"Single Page Import"
"Forum Italiano - WordPress.org Italia",https://it.wordpress.org/support,"Single Page Import"
"Team italiano - Il team italiano - WordPress.org Italia",https://it.wordpress.org/team,"Single Page Import"
"ãƒ–ãƒ­ã‚°ã‹ã‚‰å¤§è¦æ¨¡ã‚µã‚¤ãƒˆã¾ã§ä½œã‚Œã‚‹ CMS - WordPress.org æ—¥æœ¬èª",https://ja.wordpress.org,"Single Page Import"
"ã‚µãƒãƒ¼ãƒˆãƒ•ã‚©ãƒ¼ãƒ©ãƒ  - WordPress.org æ—¥æœ¬èª",https://ja.wordpress.org/support,"Single Page Import"
"Japanese Team - WordPress.org æ—¥æœ¬èª",https://ja.wordpress.org/team,"Single Page Import"
"WordPress.org Jawa",https://jv.wordpress.org,"Single Page Import"
"WordPress.org áƒ¡áƒáƒ¥áƒáƒ áƒ—áƒ•áƒ”áƒšáƒ",https://ka.wordpress.org,"Single Page Import"
"áƒ›áƒ®áƒáƒ áƒ“áƒáƒ­áƒ”áƒ áƒ˜áƒ¡ áƒ¤áƒáƒ áƒ£áƒ›áƒ”áƒ‘áƒ˜ - WordPress.org áƒ¡áƒáƒ¥áƒáƒ áƒ—áƒ•áƒ”áƒšáƒ",https://ka.wordpress.org/support,"Single Page Import"
"Georgian Team - WordPress.org áƒ¡áƒáƒ¥áƒáƒ áƒ—áƒ•áƒ”áƒšáƒ",https://ka.wordpress.org/team,"Single Page Import"
"WordPress.org Qaraqalpaq tili",https://kaa.wordpress.org,"Single Page Import"
"Qaraqalpaqsha WP blogÄ± - JaÅ„alÄ±qlar, pikir almasÄ±w - WordPress.org Qaraqalpaq tili",https://kaa.wordpress.org/team,"Single Page Import"
"WordPress.org Taqbaylit",https://kab.wordpress.org,"Single Page Import"
"WordPress.org Kalaallisut",https://kal.wordpress.org,"Single Page Import"
"WordPress.org Cabo Verde",https://kea.wordpress.org,"Single Page Import"
"WordPress.org Ikinyarwanda",https://kin.wordpress.org,"Single Page Import"
"Ğ‘Ğ»Ğ¾Ğ³ Ñ‚Ò¯Ğ·Ò¯Ò¯ ĞºÑƒÑ€Ğ°Ğ»Ñ‹, Ğ–Ğ°Ñ€Ñ‹ÑĞ»Ğ¾Ğ¾ Ğ¿Ğ»Ğ°Ñ‚Ñ„Ğ¾Ñ€Ğ¼Ğ°ÑÑ‹ Ğ¶Ğ°Ğ½Ğ° CMS - WordPress.org Kyrgyz",https://kir.wordpress.org,"Single Page Import"
"WordPress.org ÒšĞ°Ğ·Ğ°Ò›ÑˆĞ°",https://kk.wordpress.org,"Single Page Import"
"WordPress.org á—á¶áŸá¶â€‹ááŸ’á˜áŸ‚áš",https://km.wordpress.org,"Single Page Import"
"Khmer Team - WordPress.org á—á¶áŸá¶â€‹ááŸ’á˜áŸ‚áš",https://km.wordpress.org/team,"Single Page Import"
"WordPress.org Kurmanji",https://kmr.wordpress.org,"Single Page Import"
"à²¬à³à²²à²¾à²—à³ à²Ÿà³‚à²²à³, à²ªà²¬à³à²²à²¿à²·à²¿à²‚à²—à³ à²ªà³à²²à²¾à²Ÿà³ à²«à²¾à²°à³à²®à³, à²®à²¤à³à²¤à³ à²¸à²¿à²à²‚à²à²¸à³ - WordPress.org à²•à²¨à³à²¨à²¡",https://kn.wordpress.org,"Single Page Import"
"WordPress.org í•œêµ­ì–´",https://ko.wordpress.org,"Single Page Import"
"í•œêµ­ì–´ ì§€ì› - WordPress.org í•œêµ­ì–´",https://ko.wordpress.org/support,"Single Page Import"
"Korean Team - WordPress.org í•œêµ­ì–´",https://ko.wordpress.org/team,"Single Page Import"
"WordPress.org ÙˆÛ†Ø±Ø¯Ù¾Ø±ÛØ³ Ø¨Û•Ú©ÙˆØ±Ø¯ÛŒ",https://ku.wordpress.org,"Single Page Import"
Unreachable,https://ky.wordpress.org,Unreachable
"WordPress.org",https://la.wordpress.org,"Single Page Import"
"Learn WordPress - There&#039;s always more to learn | Learn WordPress ",https://learn.wordpress.org,"Sitemap Import"
"Learn WordPress Handbook - Contributor Handbook for Learn WordPress",https://learn.wordpress.org/meta,"Single Page Import"
"WordPress.org Limburgs",https://li.wordpress.org,"Single Page Import"
"WordPress.org Ligurian (Genoese)",https://lij.wordpress.org,"Single Page Import"
"LÃ¬gure (ZenÃ©ize) - ComunitÃ¦ LengoÃ¬stica LIJ - WordPress.org Ligurian (Genoese)",https://lij.wordpress.org/team,"Single Page Import"
"WordPress na lingala ya Congo",https://lin.wordpress.org,"Single Page Import"
Unreachable,https://livestream.w.org,Unreachable
"Usadell de blog, piataforma de publegÃ  e CMS - WordPress.org Lombard",https://lmo.wordpress.org,"Single Page Import"
"Lombard team - WordPress.org Lombard",https://lmo.wordpress.org/team,"Single Page Import"
"WordPress.org àº¥àº²àº§",https://lo.wordpress.org,"Single Page Import"
"WordPress.org Login - WordPress.org English",https://login.wordpress.org,"Single Page Import"
"Ä®rankis tinklaraÅ¡Äiams kurti, publikavimo platforma ir TVS - WordPress.org Lithuania",https://lt.wordpress.org,"Single Page Import"
"Lithuanian Team - WordPress.org Lithuania",https://lt.wordpress.org/team,"Single Page Import"
"WordPress.org LÃ«tzebuergesch",https://ltz.wordpress.org,"Single Page Import"
"WordPress.org Oluganda",https://lug.wordpress.org,"Single Page Import"
"Team Luganda - WordPress.org Oluganda",https://lug.wordpress.org/team,"Single Page Import"
"EmuÄra rÄ«ks, izdevÄ“jdarbÄ«bas platforma un CMS - WordPress.org LatvieÅ¡u valodÄ",https://lv.wordpress.org,"Single Page Import"
"Latvian Team - WordPress.org LatvieÅ¡u valodÄ",https://lv.wordpress.org/team,"Single Page Import"
"WordPress.org à¤®à¥ˆà¤¥à¤¿à¤²à¥€",https://mai.wordpress.org,"Single Page Import"
"à¤®à¥ˆà¤¥à¤¿à¤²à¥€ Team - WordPress.org à¤®à¥ˆà¤¥à¤¿à¤²à¥€",https://mai.wordpress.org/team,"Single Page Import"
"Get Involved - WordPress.org",https://make.wordpress.org,"Sitemap Import"
"Make WordPress Accessible - Equal Access For All",https://make.wordpress.org/accessibility,"Single Page Import"
Unreachable,https://make.wordpress.org/architecture,Unreachable
"WordPress.org Login - WordPress.org English",https://make.wordpress.org/archive,"Single Page Import"
"WordPress Chat",https://make.wordpress.org/chat,"Sitemap Import"
"WP-CLI - The command line interface for WordPress",https://make.wordpress.org/cli,"Sitemap Import"
"Make WordPress Community - Building Local Communities",https://make.wordpress.org/community,"Single Page Import"
"Make WordPress Core - WordPress Development Updates",https://make.wordpress.org/core,"Single Page Import"
"Core Contributor Handbook - Make WordPress Core",https://make.wordpress.org/core/handbook,"Single Page Import"
"Make WordPress Design - A Better User Experience",https://make.wordpress.org/design,"Single Page Import"
"Make WordPress Documentation - Making WordPress Docs",https://make.wordpress.org/docs,"Sitemap Import"
Unreachable,https://make.wordpress.org/events,Unreachable
Unreachable,https://make.wordpress.org/friendlyandsafe,Unreachable
"Make WordPress Hosting - WordPress Hosting Best Practices",https://make.wordpress.org/hosting,"Sitemap Import"
"Make WordPress.org Marketing - Welcome to the official blog of the marketing team for the WordPress open source project.",https://make.wordpress.org/marketing,"Sitemap Import"
"Make WordPress.org - A self-referential site",https://make.wordpress.org/meta,"Sitemap Import"
"Make WordPress Mobile - Building WordPress apps for iOS and Android",https://make.wordpress.org/mobile,"Sitemap Import"
"Make Openverse - Openverse is a search tool for CC-licensed and public domain content across the internet. - WordPress.org",https://make.wordpress.org/openverse,"Sitemap Import"
"Core Performance - WordPress.org",https://make.wordpress.org/performance,"Single Page Import"
"Make Photos - The team behind the WordPress Photo Directory, a directory of free, publicly-contributed, CC0-licensed photographs.",https://make.wordpress.org/photos,"Sitemap Import"
"WordPress.org Login - WordPress.org English",https://make.wordpress.org/pluginrepo,"Single Page Import"
"Make WordPress Plugins - Resources for WordPress.org plugin developers",https://make.wordpress.org/plugins,"Sitemap Import"
"Translate WordPress - Making WordPress Speak Your Language",https://make.wordpress.org/polyglots,"Sitemap Import"
"WordPress.org Project - Just another make.wordpress.org site",https://make.wordpress.org/project,"Sitemap Import"
"Making WordPress Secure",https://make.wordpress.org/security,"Sitemap Import"
"WordPress Community Summit",https://make.wordpress.org/summit,"Sitemap Import"
"Make WordPress Support - Forums, Docs, IRC, and Other Helping Hands",https://make.wordpress.org/support,"Sitemap Import"
"Sustainability - WordPress.org",https://make.wordpress.org/sustainability,"Single Page Import"
"Make WordPress Systems - Where we make the wheels on WordPress.org go round and round",https://make.wordpress.org/systems,"Sitemap Import"
"Make WordPress Themes - Everything Around WordPress Themes",https://make.wordpress.org/themes,"Sitemap Import"
"Tide - A series of automated tests run against every plugin and theme in the directory - WordPress.org",https://make.wordpress.org/tide,"Sitemap Import"
"Make WordPress Training - WordPress Training Team, providing synchronous and asynchronous WordPress learning",https://make.wordpress.org/training,"Sitemap Import"
"Make WordPress.tv - WordPress.tv team, moderating videos and improving the site",https://make.wordpress.org/tv,"Sitemap Import"
"Team Updates - WordPress Contributor Team Updates",https://make.wordpress.org/updates,"Sitemap Import"
"WordPress.org Crna Gora",https://me.wordpress.org,"Single Page Import"
"WordPress.org Kreol Morisien",https://mfe.wordpress.org,"Single Page Import"
"Team Mauritian Creole - WordPress.org Kreol Morisien",https://mfe.wordpress.org/team,"Single Page Import"
"Fanamboarana Blaogy, Famoahan-dahatsoratra, ary CMS - WordPress.org Malagasy",https://mg.wordpress.org,"Single Page Import"
"ĞĞ»Ğ°Ñ‚ĞºĞ° Ğ·Ğ° Ğ±Ğ»Ğ¾Ğ³, Ğ¿Ğ»Ğ°Ñ‚Ñ„Ğ¾Ñ€Ğ¼Ğ° Ğ·Ğ° Ğ¾Ğ±Ñ˜Ğ°Ğ²ÑƒĞ²Ğ°ÑšĞµ Ğ¸ CMS - WordPress.org ĞœĞ°ĞºĞµĞ´Ğ¾Ğ½ÑĞºĞ¸",https://mk.wordpress.org,"Single Page Import"
"Ğ¤Ğ¾Ñ€ÑƒĞ¼Ğ¸ Ğ·Ğ° Ğ¿Ğ¾Ğ´Ğ´Ñ€ÑˆĞºĞ° - WordPress.org ĞœĞ°ĞºĞµĞ´Ğ¾Ğ½ÑĞºĞ¸",https://mk.wordpress.org/support,"Single Page Import"
"à´¬àµà´²àµ‹à´—àµ à´‰à´ªà´•à´°à´£à´‚, à´ªà´¬àµà´²à´¿à´·à´¿à´‚à´—àµ à´ªàµà´²à´¾à´±àµà´±àµà´«àµ‹à´‚, CMS - WordPress.org à´®à´²à´¯à´¾à´³à´‚",https://ml.wordpress.org,"Single Page Import"
"WordPress.org Maltese",https://mlt.wordpress.org,"Single Page Import"
"Ğ‘Ğ»Ğ¾Ğ³ Ñ…ÑÑ€ÑĞ³ÑÑĞ», ĞĞ¸Ğ¹Ñ‚Ğ»ÑÑ… Ğ¿Ğ»Ğ°Ñ‚Ñ„Ğ¾Ñ€Ğ¼, CMS - WordPress.org ĞœĞ¾Ğ½Ğ³Ğ¾Ğ»",https://mn.wordpress.org,"Single Page Import"
"WordPress.org à¤®à¤°à¤¾à¤ à¥€",https://mr.wordpress.org,"Single Page Import"
"Support Forum - WordPress.org à¤®à¤°à¤¾à¤ à¥€",https://mr.wordpress.org/support,"Single Page Import"
"Marathi Team - WordPress.org à¤®à¤°à¤¾à¤ à¥€",https://mr.wordpress.org/team,"Single Page Import"
"WordPress.org Te Reo MÄori",https://mri.wordpress.org,"Single Page Import"
"WordPress.org Bahasa Melayu",https://ms.wordpress.org,"Single Page Import"
"Malay Team - WordPress.org Bahasa Melayu",https://ms.wordpress.org/team,"Single Page Import"
"WordPress.org á€™á€¼á€”á€ºá€™á€¬ | Burmese",https://mya.wordpress.org,"Single Page Import"
"á€¼á€™á€”á€ºá€™á€¬ | Burmese Support Forums - WordPress.org á€™á€¼á€”á€ºá€™á€¬ | Burmese",https://mya.wordpress.org/support,"Single Page Import"
"BloggverktÃ¸y, publiseringsplattform og CMS - WordPress.org Norsk (BokmÃ¥l)",https://nb.wordpress.org,"Single Page Import"
"Norwegian (BokmÃ¥l) Team - WordPress.org Norsk (BokmÃ¥l)",https://nb.wordpress.org/team,"Single Page Import"
"à¤¬à¥à¤²à¤— à¤Ÿà¥à¤², à¤ªà¥à¤°à¤•à¤¾à¤¶à¤¨ à¤ªà¥à¤²à¥‡à¤Ÿà¤«à¤¾à¤°à¥à¤® à¤° à¤¸à¤¿à¤à¤®à¤à¤¸ - WordPress.org à¤¨à¥‡à¤ªà¤¾à¤²à¥€",https://ne.wordpress.org,"Single Page Import"
"Nepali Team - WordPress.org à¤¨à¥‡à¤ªà¤¾à¤²à¥€",https://ne.wordpress.org/team,"Single Page Import"
"Blog, publicatieplatform en CMS - WordPress.org Nederlands (BelgiÃ«)",https://nl-be.wordpress.org,"Single Page Import"
"Nederlands (BelgiÃ«) - WordPress.org Nederlands (BelgiÃ«)",https://nl-be.wordpress.org/team,"Single Page Import"
"Blog, publicatie platform en CMS - WordPress.org Nederlands",https://nl.wordpress.org,"Single Page Import"
"Support forums - WordPress.org Nederlands",https://nl.wordpress.org/support,"Single Page Import"
"Team NL - WordPress.org Nederlands",https://nl.wordpress.org/team,"Single Page Import"
"BloggverktÃ¸y, publiseringsplattform og innhaldsstyringssystem - WordPress.org Norsk (Nynorsk)",https://nn.wordpress.org,"Single Page Import"
"Norwegian (Nynorsk) Team - WordPress.org Norsk (Nynorsk)",https://nn.wordpress.org/team,"Single Page Import"
"WordPress.org Nâ€™ko",https://nqo.wordpress.org,"Single Page Import"
"WordPress.org Occitan",https://oci.wordpress.org,"Single Page Import"
"Occitan Team - WordPress.org Occitan",https://oci.wordpress.org/team,"Single Page Import"
"WordPress.org à¬“à¬¡à¬¿à¬†",https://ory.wordpress.org,"Single Page Import"
"WordPress.org Ğ˜Ñ€Ğ¾Ğ½",https://os.wordpress.org,"Single Page Import"
"à¨¬à¨²à©Œà¨— à¨Ÿà©‚à¨², à¨ªà©à¨°à¨•à¨¾à¨¸à¨¼à¨¨ à¨®à©°à¨š, à¨¤à©‡ à¨¸à¨®à©±à¨—à¨°à©€ à¨ªà©à¨°à¨¬à©°à¨§à¨¨ à¨¸à¨¿à¨¸à¨Ÿà¨® (CMS) - WordPress.org à¨ªà©°à¨œà¨¾à¨¬à©€",https://pan.wordpress.org,"Single Page Import"
"WordPress.org Papiamento",https://pap-aw.wordpress.org,"Single Page Import"
"Papiamento Team - WordPress.org Papiamento",https://pap-aw.wordpress.org/team,"Single Page Import"
"WordPress.org Papiamentu",https://pap-cw.wordpress.org,"Single Page Import"
"Tim papiamentu  - biba den era digital - WordPress.org Papiamentu",https://pap-cw.wordpress.org/team,"Single Page Import"
"WordPress.org Châ€™ti",https://pcd.wordpress.org,"Single Page Import"
"Châ€™ti Team - WordPress.org Châ€™ti",https://pcd.wordpress.org/team,"Single Page Import"
"WordPress.org Nigerian Pidgin",https://pcm.wordpress.org,"Single Page Import"
"Nigerian Pidgin Team - WordPress.org Nigerian Pidgin",https://pcm.wordpress.org/team,"Single Page Import"
"WordPress.org PerÃº",https://pe.wordpress.org,"Single Page Import"
"Spanish (Peru) Team - WordPress.org PerÃº",https://pe.wordpress.org/team,"Single Page Import"
"WordPress.org Pirate",https://pirate.wordpress.org,"Single Page Import"
"NarzÄ™dzie do blogowania, platforma wydawnicza i system zarzÄ…dzania treÅ›ciÄ… witryny - WordPress.org Polska",https://pl.wordpress.org,"Single Page Import"
"Forum - WordPress.org Polska",https://pl.wordpress.org/support,"Single Page Import"
"Polish Team - WordPress.org Polska",https://pl.wordpress.org/team,"Single Page Import"
"Welcome - Make WordPress Community",https://plan.wordcamp.org,"Single Page Import"
"WordPress.org Ù¾ÚšØªÙˆ",https://ps.wordpress.org,"Single Page Import"
"Ferramenta de blogs, plataforma de publicaÃ§Ã£o e CMS - WordPress.org Angola",https://pt-ao.wordpress.org,"Single Page Import"
"Forum de suporte angolano - WordPress.org Angola",https://pt-ao.wordpress.org/support,"Sitemap Import"
"Equipa de TraduÃ§Ã£o para PortuguÃªs (Angola) - WordPress.org Angola",https://pt-ao.wordpress.org/team,"Single Page Import"
"Ferramenta para criaÃ§Ã£o de sites, plataforma de publicaÃ§Ã£o e CMS (sistema de gestÃ£o de conteÃºdos) - WordPress.org Portugal",https://pt.wordpress.org,"Single Page Import"
"FÃ³rum de suporte portuguÃªs - WordPress.org Portugal",https://pt.wordpress.org/support,"Single Page Import"
"Equipa WordPress Portugal",https://pt.wordpress.org/team,"Single Page Import"
"WordPress.org RuÃ¡inga",https://rhg.wordpress.org,"Single Page Import"
"Instrumente pentru bloguri, platformÄƒ de publicare È™i CMS - WordPress.org Ãn RomÃ¢nÄƒ",https://ro.wordpress.org,"Single Page Import"
"Forumuri de suport - WordPress.org Ãn RomÃ¢nÄƒ",https://ro.wordpress.org/support,"Single Page Import"
"Echipa de localizare - Echipa de localizare WordPress din RomÃ¢nia",https://ro.wordpress.org/team,"Single Page Import"
"WordPress.org Rumantsch",https://roh.wordpress.org,"Single Page Import"
"Ğ˜Ğ½ÑÑ‚Ñ€ÑƒĞ¼ĞµĞ½Ñ‚ ÑĞ¾Ğ·Ğ´Ğ°Ğ½Ğ¸Ñ Ğ±Ğ»Ğ¾Ğ³Ğ¾Ğ², Ğ¿Ğ»Ğ°Ñ‚Ñ„Ğ¾Ñ€Ğ¼Ğ° Ğ´Ğ»Ñ Ğ¿ÑƒĞ±Ğ»Ğ¸ĞºĞ°Ñ†Ğ¸Ğ¹ Ğ¸ CMS - WordPress.org Ğ ÑƒÑÑĞºĞ¸Ğ¹",https://ru.wordpress.org,"Single Page Import"
"Ğ¤Ğ¾Ñ€ÑƒĞ¼Ñ‹ Ğ¿Ğ¾Ğ´Ğ´ĞµÑ€Ğ¶ĞºĞ¸ &#8212; WordPress.org Ğ ÑƒÑÑĞºĞ¸Ğ¹",https://ru.wordpress.org/support,"Single Page Import"
"Russian Team &#8212; WordPress.org Ğ ÑƒÑÑĞºĞ¸Ğ¹",https://ru.wordpress.org/team,"Single Page Import"
"WordPress.org",https://rup.wordpress.org,"Single Page Import"
"WordPress.org",https://rup.wordpress.org/support,"Single Page Import"
"WordPress.org à¤­à¤¾à¤°à¤¤à¤®à¥",https://sa.wordpress.org,"Single Page Import"
"WordPress.org Ğ¡Ğ°Ñ…Ğ°Ğ»Ñ‹Ñ‹",https://sah.wordpress.org,"Single Page Import"
"WordPress.org Sicilianu",https://scn.wordpress.org,"Single Page Import"
"WordPress.org Sinhala",https://si.wordpress.org,"Single Page Import"
"NÃ¡stroj na blogovanie, platforma na publikovanie a redakÄnÃ½ systÃ©m - WordPress.org Slovensko",https://sk.wordpress.org,"Single Page Import"
"FÃ³rum podpory - WordPress.org Slovensko",https://sk.wordpress.org/support,"Single Page Import"
"Slovak Team - WordPress.org Slovensko",https://sk.wordpress.org/team,"Single Page Import"
"WordPress.org Ø³Ø±Ø§Ø¦ÛŒÚ©ÛŒ",https://skr.wordpress.org,"Single Page Import"
"Team Saraiki - WordPress.org Ø³Ø±Ø§Ø¦ÛŒÚ©ÛŒ",https://skr.wordpress.org/team,"Single Page Import"
"WordPress.org Slovenija",https://sl.wordpress.org,"Single Page Import"
"Slovenian Team - WordPress.org Slovenija",https://sl.wordpress.org/team,"Single Page Import"
"WordPress.org Shona",https://sna.wordpress.org,"Single Page Import"
"Ø¨Ù„Ø§Ú¯ Ù½ÙˆÙ„ØŒ Ù¾Ø¨Ù„Ø´Ù†Ú¯ Ù¾Ù„ÙŠÙ½ÙØ§Ø±Ù…ØŒ Û½ ÚªÙ†Ù½ÙŠÙ†Ù½ Ù…Ø¦Ù†ÙŠØ¬Ù…ÙŠÙ†Ù½ Ø³Ø³Ù½Ù… - WordPress.org Ø³Ù†ÚŒÙŠ",https://snd.wordpress.org,"Single Page Import"
"Ø³Ù†ÚŒÙŠ Ø³Ù¾ÙˆØ±Ù½ (Sindhi Support) - WordPress.org Ø³Ù†ÚŒÙŠ",https://snd.wordpress.org/support,"Single Page Import"
"Ø³Ù†ÚŒÙŠ - WordPress.org Ø³Ù†ÚŒÙŠ",https://snd.wordpress.org/team,"Single Page Import"
"WordPress.org Soomaali",https://so.wordpress.org,"Single Page Import"
"WordPress.org Shqip (Kosovo)",https://sq-xk.wordpress.org,"Single Page Import"
"Mjet Blogu, PlatformÃ« Botimi dhe CMS (Sistem Administrimi LÃ«nde) - WordPress.org ShqipÃ«ri",https://sq.wordpress.org,"Single Page Import"
"Albanian Support Forums - WordPress.org ShqipÃ«ri",https://sq.wordpress.org/support,"Single Page Import"
"Ekipi pÃ«r gjuhÃ«n shqipe - WordPress.org ShqipÃ«ri",https://sq.wordpress.org/team,"Single Page Import"
"WordPress.org Ğ¡Ñ€Ğ¿ÑĞºĞ¸",https://sr.wordpress.org,"Single Page Import"
"Ğ¡Ñ€Ğ¿ÑĞºĞ¸ Support Forums - WordPress.org Ğ¡Ñ€Ğ¿ÑĞºĞ¸",https://sr.wordpress.org/support,"Single Page Import"
"Serbian Team - WordPress.org Ğ¡Ñ€Ğ¿ÑĞºĞ¸",https://sr.wordpress.org/team,"Single Page Import"
"WordPress.org Sardu",https://srd.wordpress.org,"Single Page Import"
"WordPress.org SiSwati",https://ssw.wordpress.org,"Single Page Import"
"WordPress.org Sunda",https://su.wordpress.org,"Single Page Import"
"Bloggningsverktyg, publiceringsplattform och CMS - WordPress.org Svenska",https://sv.wordpress.org,"Single Page Import"
"Svensk support - WordPress.org Svenska",https://sv.wordpress.org/support,"Sitemap Import"
"Swedish Team - WordPress.org Svenska",https://sv.wordpress.org/team,"Single Page Import"
"Zana ya Blogu, Jukwaa la Kuchapisha, na CMS - WordPress.org Swahili",https://sw.wordpress.org,"Single Page Import"
"WordPress.org Syriac",https://syr.wordpress.org,"Single Page Import"
"WordPress.org ÅšlÅnskÅ gÅdka",https://szl.wordpress.org,"Single Page Import"
"Silesian Team - WordPress.org ÅšlÅnskÅ gÅdka",https://szl.wordpress.org/team,"Single Page Import"
"WordPress.org à®¤à®®à®¿à®´à¯ à®®à¯Šà®´à®¿à®¯à®¿à®²à¯",https://ta-lk.wordpress.org,"Single Page Import"
"WordPress.org à®¤à®®à®¿à®´à¯",https://ta.wordpress.org,"Single Page Import"
"WordPress.org Reo Tahiti",https://tah.wordpress.org,"Single Page Import"
"WordPress.org à°¤à±†à°²à±à°—à±",https://te.wordpress.org,"Single Page Import"
"à°¤à±†à°²à±à°—à± à°œà°Ÿà±à°Ÿà± - WordPress.org à°¤à±†à°²à±à°—à±",https://te.wordpress.org/team,"Single Page Import"
"WordPress.org Ğ’Ğ¾Ñ€Ğ´Ğ¿Ñ€ĞµÑÑĞ¸ Ñ‚Ğ¾Ò·Ğ¸ĞºÓ£",https://tg.wordpress.org,"Single Page Import"
"WordPress.org Thai",https://th.wordpress.org,"Single Page Import"
"Thai Support Forums - WordPress.org Thai",https://th.wordpress.org/support,"Single Page Import"
"Thai Team - WordPress.org Thai",https://th.wordpress.org/team,"Single Page Import"
"WordPress.org Tigrigna",https://tir.wordpress.org,"Single Page Import"
"WordPress.org Tagalog",https://tl.wordpress.org,"Single Page Import"
"Tagalog - WordPress.org Tagalog",https://tl.wordpress.org/support,"Single Page Import"
"Tagalog Team - WordPress.org Tagalog",https://tl.wordpress.org/team,"Single Page Import"
"Blog AracÄ±, YayÄ±nlama Platformu ve CMS - WordPress TÃ¼rkiye",https://tr.wordpress.org,"Single Page Import"
"Turkish Team - WordPress TÃ¼rkiye",https://tr.wordpress.org/team,"Single Page Import"
"Locales &lt; GlotPress - WordPress.org",https://translate.wordpress.org,"Single Page Import"
Unreachable,https://translators.wordpress.org,Unreachable
"WordPress.org Ğ¢Ğ°Ñ‚Ğ°Ñ€ Ñ‚ĞµĞ»Ğµ",https://tt.wordpress.org,"Single Page Import"
"WordPress.org TÃ¼rkmenÃ§e",https://tuk.wordpress.org,"Single Page Import"
"éƒ¨è½æ ¼å·¥å…·ã€å…§å®¹ç™¼ä½ˆå¹³å°åŠ CMS - WordPress.org Taiwan æ­£é«”ä¸­æ–‡",https://tw.wordpress.org,"Single Page Import"
"Taiwan æ­£é«”ä¸­æ–‡ - WordPress.org Taiwan æ­£é«”ä¸­æ–‡",https://tw.wordpress.org/support,"Single Page Import"
"Chinese (Taiwan) Team æ­£é«”ä¸­æ–‡åœ˜éšŠ - WordPress.org Taiwan æ­£é«”ä¸­æ–‡",https://tw.wordpress.org/team,"Single Page Import"
"WordPress.org Tweants",https://twd.wordpress.org,"Single Page Import"
"WordPress.org âµœâ´°âµâ´°âµ£âµ‰âµ–âµœ",https://tzm.wordpress.org,"Single Page Import"
"WordPress.org Ø¦Û‡ÙŠØºÛ‡Ø±Ú†Û•",https://ug.wordpress.org,"Single Page Import"
"Ø¦Û‡ÙŠØºÛ‡Ø±Ú†Û• Support Forums - WordPress.org Ø¦Û‡ÙŠØºÛ‡Ø±Ú†Û•",https://ug.wordpress.org/support,"Single Page Import"
"Ğ†Ğ½ÑÑ‚Ñ€ÑƒĞ¼ĞµĞ½Ñ‚ ÑÑ‚Ğ²Ğ¾Ñ€ĞµĞ½Ğ½Ñ Ğ±Ğ»Ğ¾Ğ³Ñ–Ğ², Ğ¿Ğ»Ğ°Ñ‚Ñ„Ğ¾Ñ€Ğ¼Ğ° Ğ´Ğ»Ñ Ğ¿ÑƒĞ±Ğ»Ñ–ĞºĞ°Ñ†Ñ–Ğ¹ Ñ– CMS - WordPress.org Ğ£ĞºÑ€Ğ°Ñ—Ğ½Ğ°",https://uk.wordpress.org,"Single Page Import"
"Ğ¤Ğ¾Ñ€ÑƒĞ¼Ğ¸ Ğ¿Ñ–Ğ´Ñ‚Ñ€Ğ¸Ğ¼ĞºĞ¸ - WordPress.org Ğ£ĞºÑ€Ğ°Ñ—Ğ½Ğ°",https://uk.wordpress.org/support,"Single Page Import"
"Ğ£ĞºÑ€Ğ°Ñ—Ğ½ÑÑŒĞºĞ° ĞºĞ¾Ğ¼Ğ°Ğ½Ğ´Ğ° - WordPress.org Ğ£ĞºÑ€Ğ°Ñ—Ğ½Ğ°",https://uk.wordpress.org/team,"Single Page Import"
"WordPress.org Ø§Ø±Ø¯Ùˆ",https://ur.wordpress.org,"Single Page Import"
"Support Forums - WordPress.org Ø§Ø±Ø¯Ùˆ",https://ur.wordpress.org/support,"Single Page Import"
"Ø§Ø±Ø¯Ùˆ Ù¹ÛŒÙ… - Ø§Ø±Ø¯Ùˆ Ù…ØªØ±Ø¬Ù…ÙˆÚº Ú©ÛŒ Ù¹ÛŒÙ… Ø³Ø§Ø¦Ù¹ - WordPress.org Ø§Ø±Ø¯Ùˆ",https://ur.wordpress.org/team,"Single Page Import"
"WordPress.org Oâ€˜zbekiston",https://uz.wordpress.org,"Single Page Import"
"Yordam Forumlari - WordPress.org Oâ€˜zbekiston",https://uz.wordpress.org/support,"Single Page Import"
"Herramienta de blog, plataforma de publicaciÃ³n y CMS - WordPress.org Venezuela",https://ve.wordpress.org,"Single Page Import"
"Venezuela Support Forums - WordPress.org Venezuela",https://ve.wordpress.org/support,"Single Page Import"
"Equipo de WordPress Venezuela",https://ve.wordpress.org/team,"Single Page Import"
"WordPress.org Veneto",https://vec.wordpress.org,"Single Page Import"
"Venetian Team - WordPress.org Veneto",https://vec.wordpress.org/team,"Single Page Import"
"CÃ´ng cá»¥ táº¡o blog, ná»n táº£ng xuáº¥t báº£n, vÃ  CMS - WordPress.org tiáº¿ng Viá»‡t",https://vi.wordpress.org,"Single Page Import"
"tiáº¿ng Viá»‡t - WordPress.org tiáº¿ng Viá»‡t",https://vi.wordpress.org/support,"Single Page Import"
"Team WordPress.org Viá»‡t Nam",https://vi.wordpress.org/team,"Single Page Import"
"WordPress.org Wolof",https://wol.wordpress.org,"Single Page Import"
"Wolof Team - WordPress.org Wolof",https://wol.wordpress.org/team,"Single Page Import"
"WordCamp Central - WordCamp is a conference that focuses on everything WordPress.",https://wordcamp.org,"Single Page Import"
"WordPress.org",https://wordpress.org,"Sitemap Import"
"WordPress Book",https://wordpress.org/book,"Single Page Import"
"Contributing to WordPress | Learn WordPress ",https://wordpress.org/contributor-training,"Sitemap Import"
"Documentation - WordPress.org",https://wordpress.org/documentation,"Sitemap Import"
"Five for the Future - How five percent is powering the next generation of the web - WordPress.org",https://wordpress.org/five-for-the-future,"Sitemap Import"
"WordPress News - The latest news about WordPress and the WordPress community",https://wordpress.org/news,"Sitemap Import"
"Openly Licensed Images, Audio and More | Openverse",https://wordpress.org/openverse,"Single Page Import"
"Block Pattern Directory - WordPress.org",https://wordpress.org/patterns,"Sitemap Import"
"WordPress Photo Directory - WordPress.org",https://wordpress.org/photos,"Sitemap Import"
"WordPress Playground",https://wordpress.org/playground,"Single Page Import"
"WordPress Plugins - WordPress.org",https://wordpress.org/plugins,"Sitemap Import"
Unreachable,https://wordpress.org/showcase-old,Unreachable
"Star-studded sites built with WordPress - WordPress.org",https://wordpress.org/showcase,"Sitemap Import"
"Documentation - WordPress.org",https://wordpress.org/support,"Single Page Import"
"WordPress Themes - WordPress.org",https://wordpress.org/themes,"Sitemap Import"
"WordPress.org Xhosa",https://xho.wordpress.org,"Single Page Import"
"Xhosa Team - WordPress.org Xhosa",https://xho.wordpress.org/team,"Single Page Import"
"WordPress.org YorÃ¹bÃ¡",https://yor.wordpress.org,"Single Page Import"
"YorÃ¹bÃ¡ support - WordPress.org YorÃ¹bÃ¡",https://yor.wordpress.org/support,"Single Page Import"
"YorÃ¹bÃ¡ team - WordPress.org YorÃ¹bÃ¡",https://yor.wordpress.org/team,"Single Page Import"
"WordPress.org âµœâ´°âµâ´°âµ£âµ‰âµ–âµœ",https://zgh.wordpress.org,"Single Page Import"
"Tamazight Team - WordPress.org âµœâ´°âµâ´°âµ£âµ‰âµ–âµœ",https://zgh.wordpress.org/team,"Single Page Import"
"WordPress.org Hong Kong é¦™æ¸¯ä¸­æ–‡",https://zh-hk.wordpress.org,"Single Page Import"
"Chinese (Hong Kong) Support Forums - WordPress.org Hong Kong é¦™æ¸¯ä¸­æ–‡",https://zh-hk.wordpress.org/support,"Single Page Import"
"Chinese (Hong Kong) Team é¦™æ¸¯ä¸­æ–‡åœ˜éšŠ - WordPress.org Hong Kong é¦™æ¸¯ä¸­æ–‡",https://zh-hk.wordpress.org/team,"Single Page Import"
"WordPress.org Chinese Singapore",https://zh-sg.wordpress.org,"Single Page Import"
"WordPress.org isiZulu",https://zul.wordpress.org,"Single Page Import"
